,ds,trend,yhat_lower,yhat_upper,trend_lower,trend_upper,additive_terms,additive_terms_lower,additive_terms_upper,weekly,weekly_lower,weekly_upper,multiplicative_terms,multiplicative_terms_lower,multiplicative_terms_upper,yhat
0,2021-07-06,603.5519248666886,480.5552537922519,703.2262711189447,603.5519248666886,603.5519248666886,-8.923456450997401,-8.923456450997401,-8.923456450997401,-8.923456450997401,-8.923456450997401,-8.923456450997401,0.0,0.0,0.0,594.6284684156913
1,2021-07-07,606.6572259387125,495.61872644093285,709.6180862530622,606.6572259387125,606.6572259387125,-6.8349517352565625,-6.8349517352565625,-6.8349517352565625,-6.8349517352565625,-6.8349517352565625,-6.8349517352565625,0.0,0.0,0.0,599.8222742034559
2,2021-07-08,609.7625270107362,486.19423447593124,706.5371308020958,609.7625270107362,609.7625270107362,-15.36202992170978,-15.36202992170978,-15.36202992170978,-15.36202992170978,-15.36202992170978,-15.36202992170978,0.0,0.0,0.0,594.4004970890264
3,2021-07-09,612.8678280827601,478.1761570207994,702.9005188909266,612.8678280827601,612.8678280827601,-19.732686403125523,-19.732686403125523,-19.732686403125523,-19.732686403125523,-19.732686403125523,-19.732686403125523,0.0,0.0,0.0,593.1351416796346
4,2021-07-12,622.1837312988315,507.9902222779824,718.8066632407587,622.1837312988315,622.1837312988315,-3.6745965719748948,-3.6745965719748948,-3.6745965719748948,-3.6745965719748948,-3.6745965719748948,-3.6745965719748948,0.0,0.0,0.0,618.5091347268566
5,2021-07-13,625.2890323708554,509.2422348298967,729.7544965150478,625.2890323708554,625.2890323708554,-8.923456450983311,-8.923456450983311,-8.923456450983311,-8.923456450983311,-8.923456450983311,-8.923456450983311,0.0,0.0,0.0,616.3655759198721
6,2021-07-14,628.3943334428791,513.78069433409,731.4563700639674,628.3943334428791,628.3943334428791,-6.834951735244757,-6.834951735244757,-6.834951735244757,-6.834951735244757,-6.834951735244757,-6.834951735244757,0.0,0.0,0.0,621.5593817076343
7,2021-07-15,631.4996345149029,519.5061450430725,721.9096836675665,631.4996345149029,631.4996345149029,-15.362029921659355,-15.362029921659355,-15.362029921659355,-15.362029921659355,-15.362029921659355,-15.362029921659355,0.0,0.0,0.0,616.1376045932436
8,2021-07-16,634.6049355869267,496.8404610408288,731.6020361798794,634.6049355869267,634.6049355869267,-19.732686403096203,-19.732686403096203,-19.732686403096203,-19.732686403096203,-19.732686403096203,-19.732686403096203,0.0,0.0,0.0,614.8722491838305
9,2021-07-19,643.9208389204472,518.7462292154946,746.799617529802,643.9208389204472,643.9208389204472,-3.674596571890694,-3.674596571890694,-3.674596571890694,-3.674596571890694,-3.674596571890694,-3.674596571890694,0.0,0.0,0.0,640.2462423485565
10,2021-07-20,647.0261400316207,535.1610941402704,750.9538999725974,647.0261400316207,647.0261400316207,-8.92345645099804,-8.92345645099804,-8.92345645099804,-8.92345645099804,-8.92345645099804,-8.92345645099804,0.0,0.0,0.0,638.1026835806226
11,2021-07-21,650.1314411427941,537.6387612440766,751.9849953280677,650.1314411427941,650.1314411427941,-6.834951735253018,-6.834951735253018,-6.834951735253018,-6.834951735253018,-6.834951735253018,-6.834951735253018,0.0,0.0,0.0,643.296489407541
12,2021-07-22,653.2367422539676,527.988167098726,739.9775340602763,653.2367422539676,653.2367422539676,-15.362029921677848,-15.362029921677848,-15.362029921677848,-15.362029921677848,-15.362029921677848,-15.362029921677848,0.0,0.0,0.0,637.8747123322897
13,2021-07-23,656.3420433651411,531.3816658620461,746.5752696177365,656.3420433651411,656.3420433651411,-19.73268640307955,-19.73268640307955,-19.73268640307955,-19.73268640307955,-19.73268640307955,-19.73268640307955,0.0,0.0,0.0,636.6093569620615
14,2021-07-26,665.6579466986615,543.0823545248018,770.1284948290896,665.6579466986615,665.6579466986615,-3.6745965718865334,-3.6745965718865334,-3.6745965718865334,-3.6745965718865334,-3.6745965718865334,-3.6745965718865334,0.0,0.0,0.0,661.9833501267749
15,2021-07-27,668.763247809835,542.1330619139333,764.4399602748887,668.763247809835,668.763247809835,-8.92345645095513,-8.92345645095513,-8.92345645095513,-8.92345645095513,-8.92345645095513,-8.92345645095513,0.0,0.0,0.0,659.8397913588799
16,2021-07-28,671.8685489210085,553.2657130755179,772.3842911624578,671.8685489210085,671.8685489210085,-6.834951735240994,-6.834951735240994,-6.834951735240994,-6.834951735240994,-6.834951735240994,-6.834951735240994,0.0,0.0,0.0,665.0335971857675
17,2021-07-29,674.9738500122434,547.1400888216214,772.9033433779226,674.9738500122434,674.9738500122434,-15.362029921680854,-15.362029921680854,-15.362029921680854,-15.362029921680854,-15.362029921680854,-15.362029921680854,0.0,0.0,0.0,659.6118200905626
18,2021-07-30,678.0791511034784,542.411483064552,767.0706239467007,678.0791511034784,678.0791511034784,-19.73268640317523,-19.73268640317523,-19.73268640317523,-19.73268640317523,-19.73268640317523,-19.73268640317523,0.0,0.0,0.0,658.3464647003032
19,2021-08-02,687.3950543771833,576.2842479612871,791.265880829905,687.3950543771833,687.3950543771833,-3.6745965719456555,-3.6745965719456555,-3.6745965719456555,-3.6745965719456555,-3.6745965719456555,-3.6745965719456555,0.0,0.0,0.0,683.7204578052376
20,2021-08-03,690.5003554684182,571.8716662516183,800.2150545493218,690.5003554684182,690.5003554684182,-8.92345645096986,-8.92345645096986,-8.92345645096986,-8.92345645096986,-8.92345645096986,-8.92345645096986,0.0,0.0,0.0,681.5768990174483
21,2021-08-04,693.6056565596532,579.2601300940157,797.4876347645629,693.6056565596532,693.6056565596532,-6.834951735269547,-6.834951735269547,-6.834951735269547,-6.834951735269547,-6.834951735269547,-6.834951735269547,0.0,0.0,0.0,686.7707048243836
22,2021-08-05,696.7109576508882,571.3542272126182,790.4054244139547,696.7109576508882,696.7109576508882,-15.362029921699351,-15.362029921699351,-15.362029921699351,-15.362029921699351,-15.362029921699351,-15.362029921699351,0.0,0.0,0.0,681.3489277291889
23,2021-08-06,699.8162587421231,571.9047127230527,793.5139949301301,699.8162587421231,699.8162587421231,-19.732686403152236,-19.732686403152236,-19.732686403152236,-19.732686403152236,-19.732686403152236,-19.732686403152236,0.0,0.0,0.0,680.0835723389708
24,2021-08-09,709.132162015828,598.3319678277813,816.0418163750159,709.132162015828,709.132162015828,-3.674596571941494,-3.674596571941494,-3.674596571941494,-3.674596571941494,-3.674596571941494,-3.674596571941494,0.0,0.0,0.0,705.4575654438866
25,2021-08-10,712.2374637981753,597.5671513791567,812.9865929624683,712.2374637981753,712.2374637981753,-8.923456450997238,-8.923456450997238,-8.923456450997238,-8.923456450997238,-8.923456450997238,-8.923456450997238,0.0,0.0,0.0,703.3140073471781
26,2021-08-11,715.3427655805226,594.4486893527684,813.7792102235233,715.3427655805226,715.3427655805226,-6.834951735257517,-6.834951735257517,-6.834951735257517,-6.834951735257517,-6.834951735257517,-6.834951735257517,0.0,0.0,0.0,708.5078138452651
27,2021-08-12,718.4480673628699,588.5553092114676,816.9818560094027,718.4480673628699,718.4480673628699,-15.362029921710105,-15.362029921710105,-15.362029921710105,-15.362029921710105,-15.362029921710105,-15.362029921710105,0.0,0.0,0.0,703.0860374411598
28,2021-08-13,721.5533691452172,586.6275850433217,808.2047097803803,721.5533691452172,721.5533691452172,-19.732686403129247,-19.732686403129247,-19.732686403129247,-19.732686403129247,-19.732686403129247,-19.732686403129247,0.0,0.0,0.0,701.8206827420879
29,2021-08-16,730.8692744922591,616.8948027170377,835.1277770545914,730.8692744922591,730.8692744922591,-3.6745965719373364,-3.6745965719373364,-3.6745965719373364,-3.6745965719373364,-3.6745965719373364,-3.6745965719373364,0.0,0.0,0.0,727.1946779203219
30,2021-08-17,733.9745762746064,606.8196616961937,831.9359138633235,733.9745762746064,733.9745762746064,-8.923456450983148,-8.923456450983148,-8.923456450983148,-8.923456450983148,-8.923456450983148,-8.923456450983148,0.0,0.0,0.0,725.0511198236233
31,2021-08-18,737.0798780569537,627.0212608645907,838.2115119672274,737.0798780569537,737.0798780569537,-6.8349517352457125,-6.8349517352457125,-6.8349517352457125,-6.8349517352457125,-6.8349517352457125,-6.8349517352457125,0.0,0.0,0.0,730.244926321708
32,2021-08-19,740.185179839301,610.9556838786161,837.7086187466672,740.185179839301,740.185179839301,-15.362029921720854,-15.362029921720854,-15.362029921720854,-15.362029921720854,-15.362029921720854,-15.362029921720854,0.0,0.0,0.0,724.8231499175802
33,2021-08-20,743.3000777122053,619.2653174629354,834.9317307847222,743.3000777122053,743.3000777122053,-19.732686403112595,-19.732686403112595,-19.732686403112595,-19.732686403112595,-19.732686403112595,-19.732686403112595,0.0,0.0,0.0,723.5673913090927
34,2021-08-23,752.6447713309182,641.8152835029979,864.4786905589252,752.6447713309182,752.6447713309182,-3.674596571996457,-3.674596571996457,-3.674596571996457,-3.674596571996457,-3.674596571996457,-3.674596571996457,0.0,0.0,0.0,748.9701747589218
35,2021-08-24,755.7596692038226,635.5900055086397,867.8964532256637,755.7596692038226,755.7596692038226,-8.923456450969057,-8.923456450969057,-8.923456450969057,-8.923456450969057,-8.923456450969057,-8.923456450969057,0.0,0.0,0.0,746.8362127528535
36,2021-08-25,758.8745670767267,640.9485679895374,857.7395813469657,758.8745670767267,758.8745670767267,-6.834951735233683,-6.834951735233683,-6.834951735233683,-6.834951735233683,-6.834951735233683,-6.834951735233683,0.0,0.0,0.0,752.0396153414931
37,2021-08-26,761.989464949631,625.6315467279613,857.2049931372974,761.989464949631,761.989464949631,-15.362029921662682,-15.362029921662682,-15.362029921662682,-15.362029921662682,-15.362029921662682,-15.362029921662682,0.0,0.0,0.0,746.6274350279683
38,2021-08-27,765.1043628225353,627.208717581891,857.1615336936587,765.1043628225353,765.1043628225353,-19.73268640309594,-19.73268640309594,-19.73268640309594,-19.73268640309594,-19.73268640309594,-19.73268640309594,0.0,0.0,0.0,745.3716764194394
39,2021-08-30,774.4490564412483,660.1218236760079,884.5411625099456,774.4490564412483,774.4490564412483,-3.674596571992299,-3.674596571992299,-3.674596571992299,-3.674596571992299,-3.674596571992299,-3.674596571992299,0.0,0.0,0.0,770.774459869256
40,2021-08-31,777.5639543141525,657.7374440206662,877.2270587186147,777.5639543141525,777.5639543141525,-8.923456450983789,-8.923456450983789,-8.923456450983789,-8.923456450983789,-8.923456450983789,-8.923456450983789,0.0,0.0,0.0,768.6404978631688
41,2021-09-01,780.7483393546357,663.4177318220799,878.4511621440954,780.7483393546357,780.7483393546357,-6.834951735262237,-6.834951735262237,-6.834951735262237,-6.834951735262237,-6.834951735262237,-6.834951735262237,0.0,0.0,0.0,773.9133876193735
42,2021-09-02,783.932724395119,657.7402013637867,876.4211362266896,783.932724395119,783.932724395119,-15.36202992168118,-15.36202992168118,-15.36202992168118,-15.36202992168118,-15.36202992168118,-15.36202992168118,0.0,0.0,0.0,768.5706944734378
43,2021-09-03,787.1171094356022,653.4338647445899,866.7075892243405,787.1171094356022,787.1171094356022,-19.732686403066612,-19.732686403066612,-19.732686403066612,-19.732686403066612,-19.732686403066612,-19.732686403066612,0.0,0.0,0.0,767.3844230325356
44,2021-09-07,799.8546495975347,671.2186781334193,893.933796610852,799.8546495975347,799.8546495975347,-8.923456450940877,-8.923456450940877,-8.923456450940877,-8.923456450940877,-8.923456450940877,-8.923456450940877,0.0,0.0,0.0,790.9311931465938
45,2021-09-08,803.0390346380179,683.657977090238,905.5008797145074,803.0390346380179,803.0390346380179,-6.83495173525021,-6.83495173525021,-6.83495173525021,-6.83495173525021,-6.83495173525021,-6.83495173525021,0.0,0.0,0.0,796.2040829027677
46,2021-09-09,806.223419678501,672.9854744536538,894.9158980023443,806.223419678501,806.223419678501,-15.362029921684183,-15.362029921684183,-15.362029921684183,-15.362029921684183,-15.362029921684183,-15.362029921684183,0.0,0.0,0.0,790.8613897568168
47,2021-09-10,809.4078047189843,680.730450360414,902.6368026885411,809.4078047189843,809.4078047189843,-19.732686403049968,-19.732686403049968,-19.732686403049968,-19.732686403049968,-19.732686403049968,-19.732686403049968,0.0,0.0,0.0,789.6751183159342
48,2021-09-13,818.9609598404337,703.8785286613174,927.4930625909992,818.9609598404337,818.9609598404337,-3.674596571903938,-3.674596571903938,-3.674596571903938,-3.674596571903938,-3.674596571903938,-3.674596571903938,0.0,0.0,0.0,815.2863632685297
49,2021-09-14,822.2655848172942,705.9578258195622,924.0178599914686,822.2655848172942,822.2655848172942,-8.923456450997074,-8.923456450997074,-8.923456450997074,-8.923456450997074,-8.923456450997074,-8.923456450997074,0.0,0.0,0.0,813.3421283662972
50,2021-09-15,825.5702097941546,713.5105777403058,924.7905683532755,825.5702097941546,825.5702097941546,-6.834951735258471,-6.834951735258471,-6.834951735258471,-6.834951735258471,-6.834951735258471,-6.834951735258471,0.0,0.0,0.0,818.7352580588961
51,2021-09-16,828.8748347710151,703.1964399448109,924.0852804781416,828.8748347710151,828.8748347710151,-15.36202992170268,-15.36202992170268,-15.36202992170268,-15.36202992170268,-15.36202992170268,-15.36202992170268,0.0,0.0,0.0,813.5128048493125
52,2021-09-17,832.1794597478756,699.4313946585929,917.2159354623237,832.1794597478756,832.1794597478756,-19.732686403145646,-19.732686403145646,-19.732686403145646,-19.732686403145646,-19.732686403145646,-19.732686403145646,0.0,0.0,0.0,812.44677334473
53,2021-09-20,842.0933346784569,726.8375016122288,950.3344417447806,842.0933346784569,842.0933346784569,-3.674596571963059,-3.674596571963059,-3.674596571963059,-3.674596571963059,-3.674596571963059,-3.674596571963059,0.0,0.0,0.0,838.4187381064938
54,2021-09-21,845.3979596553174,713.9991380816962,944.4011556236479,845.3979596553174,845.3979596553174,-8.923456451011806,-8.923456451011806,-8.923456451011806,-8.923456451011806,-8.923456451011806,-8.923456451011806,0.0,0.0,0.0,836.4745032043056
55,2021-09-22,848.702584632178,727.5009375294687,952.2317498395761,848.702584632178,848.702584632178,-6.834951735246666,-6.834951735246666,-6.834951735246666,-6.834951735246666,-6.834951735246666,-6.834951735246666,0.0,0.0,0.0,841.8676328969312
56,2021-09-23,852.0072096090385,724.3341240381081,945.5996081335601,852.0072096090385,852.0072096090385,-15.362029921713432,-15.362029921713432,-15.362029921713432,-15.362029921713432,-15.362029921713432,-15.362029921713432,0.0,0.0,0.0,836.645179687325
57,2021-09-24,855.3118444210604,725.5391088437544,948.9720273418989,855.3118444210604,855.3118444210604,-19.732686403122653,-19.732686403122653,-19.732686403122653,-19.732686403122653,-19.732686403122653,-19.732686403122653,0.0,0.0,0.0,835.5791580179377
58,2021-09-27,865.2257488571261,751.1611252821184,977.4027083164257,865.2257488571261,865.2257488571261,-3.674596571958899,-3.674596571958899,-3.674596571958899,-3.674596571958899,-3.674596571958899,-3.674596571958899,0.0,0.0,0.0,861.5511522851672
59,2021-09-28,868.530383669148,745.2991240913742,968.7955135069433,868.530383669148,868.530383669148,-8.923456450997714,-8.923456450997714,-8.923456450997714,-8.923456450997714,-8.923456450997714,-8.923456450997714,0.0,0.0,0.0,859.6069272181503
60,2021-09-29,871.83501848117,752.1649694399304,977.5831293448158,871.83501848117,871.83501848117,-6.83495173525493,-6.83495173525493,-6.83495173525493,-6.83495173525493,-6.83495173525493,-6.83495173525493,0.0,0.0,0.0,865.0000667459151
61,2021-09-30,875.1396532931919,750.1286727652059,972.547716403722,875.1396532931919,875.1396532931919,-15.362029921731931,-15.362029921731931,-15.362029921731931,-15.362029921731931,-15.362029921731931,-15.362029921731931,0.0,0.0,0.0,859.77762337146
62,2021-10-01,878.4442881052139,743.6137636718989,976.2523061406237,878.4442881052139,878.4442881052139,-19.732686403099663,-19.732686403099663,-19.732686403099663,-19.732686403099663,-19.732686403099663,-19.732686403099663,0.0,0.0,0.0,858.7116017021142
63,2021-10-04,888.3581925412795,778.5167152197322,996.3341910011716,888.3581925412795,888.3581925412795,-3.6745965719863816,-3.6745965719863816,-3.6745965719863816,-3.6745965719863816,-3.6745965719863816,-3.6745965719863816,0.0,0.0,0.0,884.6835959692932
64,2021-10-05,891.6628273533015,771.6350415986203,997.3650452145358,891.6628273533015,891.6628273533015,-8.923456450983625,-8.923456450983625,-8.923456450983625,-8.923456450983625,-8.923456450983625,-8.923456450983625,0.0,0.0,0.0,882.7393709023179
65,2021-10-06,894.9674624318264,773.1715731589002,997.1657550228841,894.9674624318264,894.9674624318264,-6.834951735242903,-6.834951735242903,-6.834951735242903,-6.834951735242903,-6.834951735242903,-6.834951735242903,0.0,0.0,0.0,888.1325106965835
66,2021-10-07,898.2720975103514,766.4330470802452,990.999913337258,898.2720975103514,898.2720975103514,-15.362029921734937,-15.362029921734937,-15.362029921734937,-15.362029921734937,-15.362029921734937,-15.362029921734937,0.0,0.0,0.0,882.9100675886165
67,2021-10-08,901.5767325888763,765.0319466408657,994.1396212981252,901.5767325888763,901.5767325888763,-19.732686403201676,-19.732686403201676,-19.732686403201676,-19.732686403201676,-19.732686403201676,-19.732686403201676,0.0,0.0,0.0,881.8440461856746
68,2021-10-11,911.4906378244511,794.1412949995612,1017.4252313400257,911.4906378244511,911.4906378244511,-3.674596571902181,-3.674596571902181,-3.674596571902181,-3.674596571902181,-3.674596571902181,-3.674596571902181,0.0,0.0,0.0,907.816041252549
69,2021-10-12,914.7952729029761,794.1447302807026,1018.8190134358026,914.7952729029761,914.7952729029761,-8.923456450969535,-8.923456450969535,-8.923456450969535,-8.923456450969535,-8.923456450969535,-8.923456450969535,0.0,0.0,0.0,905.8718164520066
70,2021-10-13,918.0999079815011,798.1645436712756,1027.00067367308,918.0999079815011,918.0999079815011,-6.834951735271456,-6.834951735271456,-6.834951735271456,-6.834951735271456,-6.834951735271456,-6.834951735271456,0.0,0.0,0.0,911.2649562462296
71,2021-10-14,921.404543060026,797.8873851785221,1013.3523058510452,921.404543060026,921.404543060026,-15.362029921684513,-15.362029921684513,-15.362029921684513,-15.362029921684513,-15.362029921684513,-15.362029921684513,0.0,0.0,0.0,906.0425131383414
72,2021-10-15,924.7091781385509,787.8202641035206,1008.514795708328,924.7091781385509,924.7091781385509,-19.73268640317235,-19.73268640317235,-19.73268640317235,-19.73268640317235,-19.73268640317235,-19.73268640317235,0.0,0.0,0.0,904.9764917353785
73,2021-10-18,934.6230833746392,818.3629282387207,1045.411291227077,934.6230833746392,934.6230833746392,-3.674596571929661,-3.674596571929661,-3.674596571929661,-3.674596571929661,-3.674596571929661,-3.674596571929661,0.0,0.0,0.0,930.9484868027096
74,2021-10-19,937.9277184533355,820.9455139694494,1034.5166876933174,937.9277184533355,937.9277184533355,-8.923456451025732,-8.923456451025732,-8.923456451025732,-8.923456451025732,-8.923456451025732,-8.923456451025732,0.0,0.0,0.0,929.0042620023098
75,2021-10-20,941.2323535320315,826.4032686075462,1036.0179379621402,941.2323535320315,941.2323535320315,-6.834951735259426,-6.834951735259426,-6.834951735259426,-6.834951735259426,-6.834951735259426,-6.834951735259426,0.0,0.0,0.0,934.3974017967721
76,2021-10-21,944.5369886107277,811.0297859393625,1033.26392319312,944.5369886107277,944.5369886107277,-15.36202992169526,-15.36202992169526,-15.36202992169526,-15.36202992169526,-15.36202992169526,-15.36202992169526,0.0,0.0,0.0,929.1749586890325
77,2021-10-22,947.8416236894238,804.3948311965768,1029.269285062508,947.8416236894238,947.8416236894238,-19.732686403155697,-19.732686403155697,-19.732686403155697,-19.732686403155697,-19.732686403155697,-19.732686403155697,0.0,0.0,0.0,928.1089372862682
78,2021-10-25,957.7555289255121,843.947236047594,1059.1541008482818,957.7555289255121,957.7555289255121,-3.6745965719255023,-3.6745965719255023,-3.6745965719255023,-3.6745965719255023,-3.6745965719255023,-3.6745965719255023,0.0,0.0,0.0,954.0809323535866
79,2021-10-26,961.0601640042083,834.9881533104223,1065.9094851352984,961.0601640042083,961.0601640042083,-8.923456450982822,-8.923456450982822,-8.923456450982822,-8.923456450982822,-8.923456450982822,-8.923456450982822,0.0,0.0,0.0,952.1367075532255
80,2021-10-27,964.3647990829043,849.9803101566971,1061.684082865936,964.3647990829043,964.3647990829043,-6.8349517352474,-6.8349517352474,-6.8349517352474,-6.8349517352474,-6.8349517352474,-6.8349517352474,0.0,0.0,0.0,957.5298473476569
81,2021-10-28,967.6694340902222,844.381199189808,1066.2123542413128,967.6694340902222,967.6694340902222,-15.362029921706013,-15.362029921706013,-15.362029921706013,-15.362029921706013,-15.362029921706013,-15.362029921706013,0.0,0.0,0.0,952.3074041685162
82,2021-10-29,970.9740690975402,837.919236928936,1063.0322540941124,970.9740690975402,970.9740690975402,-19.732686403132707,-19.732686403132707,-19.732686403132707,-19.732686403132707,-19.732686403132707,-19.732686403132707,0.0,0.0,0.0,951.2413826944075
83,2021-11-01,980.8879741194942,866.3354557311169,1094.2360446755652,980.8879741194942,980.8879741194942,-3.6745965719846203,-3.6745965719846203,-3.6745965719846203,-3.6745965719846203,-3.6745965719846203,-3.6745965719846203,0.0,0.0,0.0,977.2133775475096
84,2021-11-02,984.1926091268122,866.2064140277517,1083.3613275795024,984.1926091268122,984.1926091268122,-8.92345645099755,-8.92345645099755,-8.92345645099755,-8.92345645099755,-8.92345645099755,-8.92345645099755,0.0,0.0,0.0,975.2691526758146
85,2021-11-03,987.4972441341301,877.3725143381575,1090.1064553632602,987.4972441341301,987.4972441341301,-6.834951735255662,-6.834951735255662,-6.834951735255662,-6.834951735255662,-6.834951735255662,-6.834951735255662,0.0,0.0,0.0,980.6622923988745
86,2021-11-04,990.8018791414481,868.2283773893008,1086.9861096217194,990.8018791414481,990.8018791414481,-15.362029921647844,-15.362029921647844,-15.362029921647844,-15.362029921647844,-15.362029921647844,-15.362029921647844,0.0,0.0,0.0,975.4398492198003
87,2021-11-05,994.106514148766,852.7752668124589,1080.305291885378,994.106514148766,994.106514148766,-19.73268640311606,-19.73268640311606,-19.73268640311606,-19.73268640311606,-19.73268640311606,-19.73268640311606,0.0,0.0,0.0,974.3738277456499
88,2021-11-08,1004.02041917072,894.4761134867254,1112.9791937134487,1004.02041917072,1004.02041917072,-3.674596571980462,-3.674596571980462,-3.674596571980462,-3.674596571980462,-3.674596571980462,-3.674596571980462,0.0,0.0,0.0,1000.3458225987395
89,2021-11-09,1006.3301909547962,887.5570159969886,1101.9849993912171,1006.3301909547962,1006.3301909547962,-8.923456450983464,-8.923456450983464,-8.923456450983464,-8.923456450983464,-8.923456450983464,-8.923456450983464,0.0,0.0,0.0,997.4067345038127
90,2021-11-10,1008.6399627388727,895.6903292000768,1110.6513747609322,1008.6399627388727,1008.6399627388727,-6.8349517352438545,-6.8349517352438545,-6.8349517352438545,-6.8349517352438545,-6.8349517352438545,-6.8349517352438545,0.0,0.0,0.0,1001.8050110036288
91,2021-11-11,1010.949734522949,888.8301472862215,1109.3364526636403,1010.949734522949,1010.949734522949,-15.362029921666341,-15.362029921666341,-15.362029921666341,-15.362029921666341,-15.362029921666341,-15.362029921666341,0.0,0.0,0.0,995.5877046012827
92,2021-11-12,1013.2595063070253,886.4063294574082,1110.6127744669413,1013.2595063070253,1013.2595063070253,-19.73268640308673,-19.73268640308673,-19.73268640308673,-19.73268640308673,-19.73268640308673,-19.73268640308673,0.0,0.0,0.0,993.5268199039385
93,2021-11-15,1020.1888216592542,903.3063788340818,1126.6906979589123,1020.1888216592542,1020.1888216592542,-3.6745965718962625,-3.6745965718962625,-3.6745965718962625,-3.6745965718962625,-3.6745965718962625,-3.6745965718962625,0.0,0.0,0.0,1016.514225087358
94,2021-11-16,1022.4985934433306,909.4513520339102,1118.7457615405428,1022.4985934433306,1022.4985934433306,-8.923456450969374,-8.923456450969374,-8.923456450969374,-8.923456450969374,-8.923456450969374,-8.923456450969374,0.0,0.0,0.0,1013.5751369923612
95,2021-11-17,1024.808365227407,909.8549984663638,1122.2527533065324,1024.808365227407,1024.808365227407,-6.83495173525212,-6.83495173525212,-6.83495173525212,-6.83495173525212,-6.83495173525212,-6.83495173525212,0.0,0.0,0.0,1017.9734134921548
96,2021-11-18,1027.1181370114832,895.7674292748859,1123.6212638338063,1027.1181370114832,1027.1181370114832,-15.362029921669343,-15.362029921669343,-15.362029921669343,-15.362029921669343,-15.362029921669343,-15.362029921669343,0.0,0.0,0.0,1011.7561070898139
97,2021-11-19,1028.1077895651827,896.8094989506212,1112.2482065311426,1028.1077895651827,1028.1077895651827,-19.73268640307008,-19.73268640307008,-19.73268640307008,-19.73268640307008,-19.73268640307008,-19.73268640307008,0.0,0.0,0.0,1008.3751031621126
98,2021-11-22,1031.0767472262808,913.3431554199179,1141.6436986563288,1031.0767472262808,1031.0767472262808,-3.674596571892106,-3.674596571892106,-3.674596571892106,-3.674596571892106,-3.674596571892106,-3.674596571892106,0.0,0.0,0.0,1027.4021506543886
99,2021-11-23,1032.0663997799802,914.1242958856379,1135.1467434892998,1032.0663997799802,1032.0663997799802,-8.923456450955282,-8.923456450955282,-8.923456450955282,-8.923456450955282,-8.923456450955282,-8.923456450955282,0.0,0.0,0.0,1023.1429433290249
100,2021-11-24,1033.0560523336794,919.0458349704842,1138.6480450760962,1033.0560523336794,1033.0560523336794,-6.834951735240093,-6.834951735240093,-6.834951735240093,-6.834951735240093,-6.834951735240093,-6.834951735240093,0.0,0.0,0.0,1026.2211005984393
101,2021-11-26,1035.035357441078,908.7528167736884,1125.2494287407465,1035.035357441078,1035.035357441078,-19.732686403165754,-19.732686403165754,-19.732686403165754,-19.732686403165754,-19.732686403165754,-19.732686403165754,0.0,0.0,0.0,1015.3026710379123
102,2021-11-29,1038.0043151021762,924.6365891371577,1143.092278238722,1038.0043151021762,1038.0043151021762,-3.674596571951224,-3.674596571951224,-3.674596571951224,-3.674596571951224,-3.674596571951224,-3.674596571951224,0.0,0.0,0.0,1034.329718530225
103,2021-11-30,1038.9939676558756,909.8946732679065,1133.7548904461776,1038.9939676558756,1038.9939676558756,-8.923456450970011,-8.923456450970011,-8.923456450970011,-8.923456450970011,-8.923456450970011,-8.923456450970011,0.0,0.0,0.0,1030.0705112049056
104,2021-12-01,1038.813271682144,918.1775773860513,1138.5370540383717,1038.813271682144,1038.813271682144,-6.834951735248578,-6.834951735248578,-6.834951735248578,-6.834951735248578,-6.834951735248578,-6.834951735248578,0.0,0.0,0.0,1031.9783199468955
105,2021-12-02,1038.6325757084128,911.7073827431925,1140.8155715108967,1038.6325757084128,1038.6325757084128,-15.36202992170634,-15.36202992170634,-15.36202992170634,-15.36202992170634,-15.36202992170634,-15.36202992170634,0.0,0.0,0.0,1023.2705457867064
106,2021-12-03,1038.4518797346814,907.3189012482596,1123.8287807741885,1038.4518797346814,1038.4518797346814,-19.73268640314277,-19.73268640314277,-19.73268640314277,-19.73268640314277,-19.73268640314277,-19.73268640314277,0.0,0.0,0.0,1018.7191933315386
107,2021-12-06,1037.9097918134871,920.6353937463301,1153.6484044717638,1037.9097918134871,1037.9097918134871,-3.6745965719470672,-3.6745965719470672,-3.6745965719470672,-3.6745965719470672,-3.6745965719470672,-3.6745965719470672,0.0,0.0,0.0,1034.23519524154
108,2021-12-07,1037.7290958397557,910.5999207924147,1139.9850923842318,1037.7290958397557,1037.7290958397557,-8.923456450968569,-8.923456450968569,-8.923456450968569,-8.923456450968569,-8.923456450968569,-8.923456450968569,0.0,0.0,0.0,1028.805639388787
109,2021-12-08,1037.5483998660243,927.8013469955678,1139.861951315448,1037.5483998660243,1037.5483998660243,-6.834951735236549,-6.834951735236549,-6.834951735236549,-6.834951735236549,-6.834951735236549,-6.834951735236549,0.0,0.0,0.0,1030.7134481307878
110,2021-12-09,1037.3677038922929,914.568073619082,1135.012622667704,1037.3677038922929,1037.3677038922929,-15.36202992171709,-15.36202992171709,-15.36202992171709,-15.36202992171709,-15.36202992171709,-15.36202992171709,0.0,0.0,0.0,1022.0056739705758
111,2021-12-10,1037.1870079185614,899.023042838681,1130.5679648533091,1037.1870079185614,1037.1870079185614,-19.73268640311978,-19.73268640311978,-19.73268640311978,-19.73268640311978,-19.73268640311978,-19.73268640311978,0.0,0.0,0.0,1017.4543215154416
112,2021-12-13,1034.6471397841403,908.1833688935697,1150.8006702506316,1034.6471397841403,1034.6471397841403,-3.674596571942907,-3.674596571942907,-3.674596571942907,-3.674596571942907,-3.674596571942907,-3.674596571942907,0.0,0.0,0.0,1030.9725432121975
113,2021-12-14,1033.8005170726665,918.8133557104508,1137.6358114466577,1033.8005170726665,1033.8005170726665,-8.9234564509833,-8.9234564509833,-8.9234564509833,-8.9234564509833,-8.9234564509833,-8.9234564509833,0.0,0.0,0.0,1024.877060621683
114,2021-12-15,1032.9538943611929,916.8413561347052,1140.5851259954256,1032.9538943611929,1032.9538943611929,-6.834951735244812,-6.834951735244812,-6.834951735244812,-6.834951735244812,-6.834951735244812,-6.834951735244812,0.0,0.0,0.0,1026.118942625948
115,2021-12-16,1032.1072716497192,910.7997454146398,1131.3838961598346,1032.1072716497192,1032.1072716497192,-15.362029921727839,-15.362029921727839,-15.362029921727839,-15.362029921727839,-15.362029921727839,-15.362029921727839,0.0,0.0,0.0,1016.7452417279914
116,2021-12-17,1031.2606489382454,905.3596773575673,1126.0927122764344,1031.2606489382454,1031.2606489382454,-19.732686403103123,-19.732686403103123,-19.732686403103123,-19.732686403103123,-19.732686403103123,-19.732686403103123,0.0,0.0,0.0,1011.5279625351423
117,2021-12-20,1028.7207808038243,915.0290321169767,1133.6497184304435,1028.7207808038243,1028.7207808038243,-3.6745965720020264,-3.6745965720020264,-3.6745965720020264,-3.6745965720020264,-3.6745965720020264,-3.6745965720020264,0.0,0.0,0.0,1025.0461842318223
118,2021-12-21,1027.8741580923506,904.6423118034704,1128.0779789945727,1027.8741580923506,1027.8741580923506,-8.923456450969212,-8.923456450969212,-8.923456450969212,-8.923456450969212,-8.923456450969212,-8.923456450969212,0.0,0.0,0.0,1018.9507016413814
119,2021-12-22,1027.0275353808768,909.8103668461611,1132.0836276057228,1027.0275353808768,1027.0275353808768,-6.834951735253075,-6.834951735253075,-6.834951735253075,-6.834951735253075,-6.834951735253075,-6.834951735253075,0.0,0.0,0.0,1020.1925836456237
120,2021-12-23,1026.0007461461782,902.9944622508217,1126.7370699382905,1026.0007461461782,1026.0007461461782,-15.36202992166967,-15.36202992166967,-15.36202992166967,-15.36202992166967,-15.36202992166967,-15.36202992166967,0.0,0.0,0.0,1010.6387162245086
121,2021-12-27,1021.8935892073841,901.816492619791,1125.6137811037693,1021.8935892073841,1021.8935892073841,-3.6745965719978684,-3.6745965719978684,-3.6745965719978684,-3.6745965719978684,-3.6745965719978684,-3.6745965719978684,0.0,0.0,0.0,1018.2189926353863
122,2021-12-28,1020.8667999726856,892.4617415709929,1122.3859112473413,1020.8667999726856,1020.8667999726856,-8.923456451025407,-8.923456451025407,-8.923456451025407,-8.923456451025407,-8.923456451025407,-8.923456451025407,0.0,0.0,0.0,1011.9433435216602
123,2021-12-29,1019.840010737987,909.4949623332557,1125.6850152702875,1019.840010737987,1019.840010737987,-6.834951735261337,-6.834951735261337,-6.834951735261337,-6.834951735261337,-6.834951735261337,-6.834951735261337,0.0,0.0,0.0,1013.0050590027256
124,2021-12-30,1018.8132215032884,886.772949025065,1116.5475448989519,1018.8132215032884,1018.8132215032884,-15.362029921688166,-15.362029921688166,-15.362029921688166,-15.362029921688166,-15.362029921688166,-15.362029921688166,0.0,0.0,0.0,1003.4511915816003
125,2021-12-31,1017.78643226859,893.4572279045165,1106.4919958432642,1017.78643226859,1017.78643226859,-19.732686403057148,-19.732686403057148,-19.732686403057148,-19.732686403057148,-19.732686403057148,-19.732686403057148,0.0,0.0,0.0,998.0537458655328
126,2022-01-03,1014.7060645644943,893.802279043043,1129.4053362046386,1014.7060645644943,1014.7060645644943,-3.674596571913669,-3.674596571913669,-3.674596571913669,-3.674596571913669,-3.674596571913669,-3.674596571913669,0.0,0.0,0.0,1011.0314679925807
127,2022-01-04,1013.679275329796,900.267842143257,1120.936129349872,1013.679275329796,1013.679275329796,-8.923456450982497,-8.923456450982497,-8.923456450982497,-8.923456450982497,-8.923456450982497,-8.923456450982497,0.0,0.0,0.0,1004.7558188788136
128,2022-01-05,1012.6524860762694,880.6247412955906,1116.1240946531552,1012.6524860762694,1012.6524860762694,-6.834951735249312,-6.834951735249312,-6.834951735249312,-6.834951735249312,-6.834951735249312,-6.834951735249312,0.0,0.0,0.0,1005.8175343410201
129,2022-01-06,1011.6256968227428,891.4586645895031,1118.522999531108,1011.6256968227428,1011.6256968227428,-15.362029921691173,-15.362029921691173,-15.362029921691173,-15.362029921691173,-15.362029921691173,-15.362029921691173,0.0,0.0,0.0,996.2636669010517
130,2022-01-07,1010.5989075692163,882.5725377734941,1098.8042626454946,1010.5989075692163,1010.5989075692163,-19.732686403040493,-19.732686403040493,-19.732686403040493,-19.732686403040493,-19.732686403040493,-19.732686403040493,0.0,0.0,0.0,990.8662211661758
131,2022-01-10,1007.5185398086365,891.3344527847239,1107.2851801275167,1007.5185398086365,1007.5185398086365,-3.674596571941152,-3.674596571941152,-3.674596571941152,-3.674596571941152,-3.674596571941152,-3.674596571941152,0.0,0.0,0.0,1003.8439432366954
132,2022-01-11,1006.4917505551101,893.5747889575466,1106.8829742560497,1006.4917505551101,1006.4917505551101,-8.923456450997227,-8.923456450997227,-8.923456450997227,-8.923456450997227,-8.923456450997227,-8.923456450997227,0.0,0.0,0.0,997.5682941041129
133,2022-01-12,1005.4649613015837,891.1787185140495,1110.7106461533042,1005.4649613015837,1005.4649613015837,-6.834951735257574,-6.834951735257574,-6.834951735257574,-6.834951735257574,-6.834951735257574,-6.834951735257574,0.0,0.0,0.0,998.6300095663261
134,2022-01-13,1004.438172048057,873.4028169202841,1102.3767399789845,1004.438172048057,1004.438172048057,-15.36202992170967,-15.36202992170967,-15.36202992170967,-15.36202992170967,-15.36202992170967,-15.36202992170967,0.0,0.0,0.0,989.0761421263473
135,2022-01-14,1003.4113827945306,881.9002907705834,1087.1374516951805,1003.4113827945306,1003.4113827945306,-19.73268640313617,-19.73268640313617,-19.73268640313617,-19.73268640313617,-19.73268640313617,-19.73268640313617,0.0,0.0,0.0,983.6786963913944
136,2022-01-18,999.304225910953,881.5305694758212,1092.2371526598897,999.304225910953,999.304225910953,-8.923456451011957,-8.923456451011957,-8.923456451011957,-8.923456451011957,-8.923456451011957,-8.923456451011957,0.0,0.0,0.0,990.3807694599411
137,2022-01-19,998.2774366900586,886.588324666879,1101.1510137023567,998.2774366900586,998.2774366900586,-6.834951735245766,-6.834951735245766,-6.834951735245766,-6.834951735245766,-6.834951735245766,-6.834951735245766,0.0,0.0,0.0,991.4424849548128
138,2022-01-20,997.2506474691642,872.1769576894508,1101.2121787317253,997.2506474691642,997.2506474691642,-15.362029921720419,-15.362029921720419,-15.362029921720419,-15.362029921720419,-15.362029921720419,-15.362029921720419,0.0,0.0,0.0,981.8886175474438
139,2022-01-21,996.2238582482698,860.6762682906012,1088.6415410178486,996.2238582482698,996.2238582482698,-19.732686403113185,-19.732686403113185,-19.732686403113185,-19.732686403113185,-19.732686403113185,-19.732686403113185,0.0,0.0,0.0,976.4911718451566
140,2022-01-24,993.1434905855867,871.4653483283813,1104.0849382028816,993.1434905855867,993.1434905855867,-3.674596571852791,-3.674596571852791,-3.674596571852791,-3.674596571852791,-3.674596571852791,-3.674596571852791,0.0,0.0,0.0,989.4688940137339
141,2022-01-25,992.1167013646922,869.46760247864,1099.401648896222,992.1167013646922,992.1167013646922,-8.923456450969047,-8.923456450969047,-8.923456450969047,-8.923456450969047,-8.923456450969047,-8.923456450969047,0.0,0.0,0.0,983.1932449137231
142,2022-01-26,991.0899121437978,874.8476461844626,1098.5382356068887,991.0899121437978,991.0899121437978,-6.834951735254031,-6.834951735254031,-6.834951735254031,-6.834951735254031,-6.834951735254031,-6.834951735254031,0.0,0.0,0.0,984.2549604085439
143,2022-01-27,990.0631229229035,867.7865934937086,1078.287320555071,990.0631229229035,990.0631229229035,-15.362029921731171,-15.362029921731171,-15.362029921731171,-15.362029921731171,-15.362029921731171,-15.362029921731171,0.0,0.0,0.0,974.7010930011724
144,2022-01-28,989.0363336282833,856.8690351186929,1083.9560683022864,989.0363336282833,989.0363336282833,-19.73268640309019,-19.73268640309019,-19.73268640309019,-19.73268640309019,-19.73268640309019,-19.73268640309019,0.0,0.0,0.0,969.3036472251931
145,2022-01-31,985.9559657444229,879.6433579589708,1093.0775591312865,985.9559657444229,985.9559657444229,-3.674596571880273,-3.674596571880273,-3.674596571880273,-3.674596571880273,-3.674596571880273,-3.674596571880273,0.0,0.0,0.0,982.2813691725426
146,2022-02-01,984.9291764498026,860.644514171319,1087.427640538986,984.9291764498026,984.9291764498026,-8.92345645098378,-8.92345645098378,-8.92345645098378,-8.92345645098378,-8.92345645098378,-8.92345645098378,0.0,0.0,0.0,976.0057199988189
147,2022-02-02,983.9023871551825,869.9750729242154,1089.2044536142607,983.9023871551825,983.9023871551825,-6.834951735242003,-6.834951735242003,-6.834951735242003,-6.834951735242003,-6.834951735242003,-6.834951735242003,0.0,0.0,0.0,977.0674354199405
148,2022-02-03,982.8755978605624,851.3450388481738,1091.5772469339086,982.8755978605624,982.8755978605624,-15.362029921741925,-15.362029921741925,-15.362029921741925,-15.362029921741925,-15.362029921741925,-15.362029921741925,0.0,0.0,0.0,967.5135679388204
149,2022-02-04,981.8488085659424,850.3068915116496,1078.4035976319979,981.8488085659424,981.8488085659424,-19.732686403192208,-19.732686403192208,-19.732686403192208,-19.732686403192208,-19.732686403192208,-19.732686403192208,0.0,0.0,0.0,962.1161221627501
150,2022-02-07,978.7684406820819,863.8587932366428,1086.059207203164,978.7684406820819,978.7684406820819,-3.674596571907751,-3.674596571907751,-3.674596571907751,-3.674596571907751,-3.674596571907751,-3.674596571907751,0.0,0.0,0.0,975.0938441101741
151,2022-02-08,977.7416513874617,857.8827452670613,1073.903181229133,977.7416513874617,977.7416513874617,-8.92345645096969,-8.92345645096969,-8.92345645096969,-8.92345645096969,-8.92345645096969,-8.92345645096969,0.0,0.0,0.0,968.8181949364921
152,2022-02-09,976.7148620930419,849.8062961227555,1075.1687012659697,976.7148620930419,976.7148620930419,-6.8349517352705575,-6.8349517352705575,-6.8349517352705575,-6.8349517352705575,-6.8349517352705575,-6.8349517352705575,0.0,0.0,0.0,969.8799103577713
153,2022-02-10,975.688072798622,850.5624395148394,1067.680431244782,975.688072798622,975.688072798622,-15.362029921691498,-15.362029921691498,-15.362029921691498,-15.362029921691498,-15.362029921691498,-15.362029921691498,0.0,0.0,0.0,960.3260428769305
154,2022-02-11,974.6612835042021,844.0800148634415,1065.968335686799,974.6612835042021,974.6612835042021,-19.73268640316288,-19.73268640316288,-19.73268640316288,-19.73268640316288,-19.73268640316288,-19.73268640316288,0.0,0.0,0.0,954.9285971010391
155,2022-02-14,971.5809156209425,859.6929118686701,1072.3911866831904,971.5809156209425,971.5809156209425,-3.674596571935232,-3.674596571935232,-3.674596571935232,-3.674596571935232,-3.674596571935232,-3.674596571935232,0.0,0.0,0.0,967.9063190490073
156,2022-02-15,970.5541263265227,852.8217239898706,1070.3602567394819,970.5541263265227,970.5541263265227,-8.923456450997065,-8.923456450997065,-8.923456450997065,-8.923456450997065,-8.923456450997065,-8.923456450997065,0.0,0.0,0.0,961.6306698755257
157,2022-02-16,969.5273370321029,843.9052851164323,1071.6204180175394,969.5273370321029,969.5273370321029,-6.834951735258529,-6.834951735258529,-6.834951735258529,-6.834951735258529,-6.834951735258529,-6.834951735258529,0.0,0.0,0.0,962.6923852968443
158,2022-02-17,968.500547737683,834.5597929867231,1067.426353048334,968.500547737683,968.500547737683,-15.362029921702252,-15.362029921702252,-15.362029921702252,-15.362029921702252,-15.362029921702252,-15.362029921702252,0.0,0.0,0.0,953.1385178159807
159,2022-02-18,967.473758443263,838.3839592744588,1062.7095431410467,967.473758443263,967.473758443263,-19.73268640314623,-19.73268640314623,-19.73268640314623,-19.73268640314623,-19.73268640314623,-19.73268640314623,0.0,0.0,0.0,947.7410720401168
160,2022-02-22,963.3666014554376,843.5881694749245,1066.2124390935396,963.3666014554376,963.3666014554376,-8.923456450982975,-8.923456450982975,-8.923456450982975,-8.923456450982975,-8.923456450982975,-8.923456450982975,0.0,0.0,0.0,954.4431450044547
161,2022-02-23,962.3398122084812,838.5604963022819,1067.9066768734237,962.3398122084812,962.3398122084812,-6.8349517352465,-6.8349517352465,-6.8349517352465,-6.8349517352465,-6.8349517352465,-6.8349517352465,0.0,0.0,0.0,955.5048604732348
162,2022-02-24,961.313022961525,837.0145278508279,1056.6066505978397,961.313022961525,961.313022961525,-15.362029921712997,-15.362029921712997,-15.362029921712997,-15.362029921712997,-15.362029921712997,-15.362029921712997,0.0,0.0,0.0,945.950993039812
163,2022-02-25,960.2862337145687,827.4994883775245,1056.9742649649604,960.2862337145687,960.2862337145687,-19.73268640312324,-19.73268640312324,-19.73268640312324,-19.73268640312324,-19.73268640312324,-19.73268640312324,0.0,0.0,0.0,940.5535473114454
164,2022-02-28,957.2058659736996,844.4804777933564,1073.904474809155,957.2058659736996,957.2058659736996,-3.674596571990195,-3.674596571990195,-3.674596571990195,-3.674596571990195,-3.674596571990195,-3.674596571990195,0.0,0.0,0.0,953.5312694017094
165,2022-03-01,956.1790767267432,837.8812054498036,1067.9515745281706,956.1790767267432,956.1790767267432,-8.923456450997705,-8.923456450997705,-8.923456450997705,-8.923456450997705,-8.923456450997705,-8.923456450997705,0.0,0.0,0.0,947.2556202757455
166,2022-03-02,955.1522874797869,843.8938518167234,1062.1675039169738,955.1522874797869,955.1522874797869,-6.834951735275056,-6.834951735275056,-6.834951735275056,-6.834951735275056,-6.834951735275056,-6.834951735275056,0.0,0.0,0.0,948.3173357445119
167,2022-03-03,954.1254982328305,828.2072811441973,1050.5639277585972,954.1254982328305,954.1254982328305,-15.362029921654829,-15.362029921654829,-15.362029921654829,-15.362029921654829,-15.362029921654829,-15.362029921654829,0.0,0.0,0.0,938.7634683111756
168,2022-03-04,953.0987089772672,818.1107810655839,1040.5678039486634,953.0987089772672,953.0987089772672,-19.73268640310025,-19.73268640310025,-19.73268640310025,-19.73268640310025,-19.73268640310025,-19.73268640310025,0.0,0.0,0.0,933.3660225741669
169,2022-03-07,950.0183412105774,836.5198442078986,1050.437918596123,950.0183412105774,950.0183412105774,-3.674596571986033,-3.674596571986033,-3.674596571986033,-3.674596571986033,-3.674596571986033,-3.674596571986033,0.0,0.0,0.0,946.3437446385914
170,2022-03-08,948.9915519550142,827.5408600939529,1060.1964324044002,948.9915519550142,948.9915519550142,-8.923456450983618,-8.923456450983618,-8.923456450983618,-8.923456450983618,-8.923456450983618,-8.923456450983618,0.0,0.0,0.0,940.0680955040306
171,2022-03-09,947.9647626994508,828.4532213705687,1049.1874487840387,947.9647626994508,947.9647626994508,-6.8349517352429565,-6.8349517352429565,-6.8349517352429565,-6.8349517352429565,-6.8349517352429565,-6.8349517352429565,0.0,0.0,0.0,941.1298109642079
172,2022-03-10,946.9379734438877,826.6645788860001,1049.148738977829,946.9379734438877,946.9379734438877,-15.362029921673326,-15.362029921673326,-15.362029921673326,-15.362029921673326,-15.362029921673326,-15.362029921673326,0.0,0.0,0.0,931.5759435222144
173,2022-03-11,945.9111841883245,816.7550367144934,1036.3447734412591,945.9111841883245,945.9111841883245,-19.732686403077263,-19.732686403077263,-19.732686403077263,-19.732686403077263,-19.732686403077263,-19.732686403077263,0.0,0.0,0.0,926.1784977852471
174,2022-03-14,942.8308164216346,833.3262840047128,1057.3519491261918,942.8308164216346,942.8308164216346,-3.6745965719018336,-3.6745965719018336,-3.6745965719018336,-3.6745965719018336,-3.6745965719018336,-3.6745965719018336,0.0,0.0,0.0,939.1562198497328
175,2022-03-15,941.8040271660715,815.2912221789481,1033.4809081074634,941.8040271660715,941.8040271660715,-8.923456450969525,-8.923456450969525,-8.923456450969525,-8.923456450969525,-8.923456450969525,-8.923456450969525,0.0,0.0,0.0,932.880570715102
176,2022-03-16,940.7772378713487,832.7351932688379,1039.5176485331572,940.7772378713487,940.7772378713487,-6.8349517352512175,-6.8349517352512175,-6.8349517352512175,-6.8349517352512175,-6.8349517352512175,-6.8349517352512175,0.0,0.0,0.0,933.9422861360974
177,2022-03-17,939.7504485766259,814.8800619361106,1034.0238423496523,939.7504485766259,939.7504485766259,-15.362029921676331,-15.362029921676331,-15.362029921676331,-15.362029921676331,-15.362029921676331,-15.362029921676331,0.0,0.0,0.0,924.3884186549495
178,2022-03-18,938.7236592819032,811.8174547914567,1028.537082738657,938.7236592819032,938.7236592819032,-19.732686403060608,-19.732686403060608,-19.732686403060608,-19.732686403060608,-19.732686403060608,-19.732686403060608,0.0,0.0,0.0,918.9909728788426
179,2022-03-21,935.6432913977347,818.3610039311285,1046.323608212244,935.6432913977347,935.6432913977347,-3.674596571929316,-3.674596571929316,-3.674596571929316,-3.674596571929316,-3.674596571929316,-3.674596571929316,0.0,0.0,0.0,931.9686948258054
180,2022-03-22,934.6165021030121,809.7911496103461,1028.5062118643532,934.6165021030121,934.6165021030121,-8.923456450955436,-8.923456450955436,-8.923456450955436,-8.923456450955436,-8.923456450955436,-8.923456450955436,0.0,0.0,0.0,925.6930456520566
181,2022-03-23,933.5897128082893,818.6649112735254,1041.7836838407627,933.5897128082893,933.5897128082893,-6.834951735239191,-6.834951735239191,-6.834951735239191,-6.834951735239191,-6.834951735239191,-6.834951735239191,0.0,0.0,0.0,926.7547610730501
182,2022-03-24,932.5629235135665,812.3612977359045,1044.339782395962,932.5629235135665,932.5629235135665,-15.362029921694827,-15.362029921694827,-15.362029921694827,-15.362029921694827,-15.362029921694827,-15.362029921694827,0.0,0.0,0.0,917.2008935918717
183,2022-03-25,931.5361342188437,802.7127978389024,1023.0274356599277,931.5361342188437,931.5361342188437,-19.732686403156286,-19.732686403156286,-19.732686403156286,-19.732686403156286,-19.732686403156286,-19.732686403156286,0.0,0.0,0.0,911.8034478156874
184,2022-03-28,928.455766141711,820.1691426107736,1032.514632409971,928.455766141711,928.455766141711,-3.6745965719567946,-3.6745965719567946,-3.6745965719567946,-3.6745965719567946,-3.6745965719567946,-3.6745965719567946,0.0,0.0,0.0,924.7811695697542
185,2022-03-29,927.4289767826667,809.0425243606442,1034.053532954453,927.4289767826667,927.4289767826667,-8.923456450970166,-8.923456450970166,-8.923456450970166,-8.923456450970166,-8.923456450970166,-8.923456450970166,0.0,0.0,0.0,918.5055203316965
186,2022-03-30,926.4021874236224,805.1052513293441,1031.828677615302,926.4021874236224,926.4021874236224,-6.834951735247678,-6.834951735247678,-6.834951735247678,-6.834951735247678,-6.834951735247678,-6.834951735247678,0.0,0.0,0.0,919.5672356883747
187,2022-03-31,925.3753980645782,800.2408594706719,1025.8712151674004,925.3753980645782,925.3753980645782,-15.362029921713324,-15.362029921713324,-15.362029921713324,-15.362029921713324,-15.362029921713324,-15.362029921713324,0.0,0.0,0.0,910.0133681428649
188,2022-04-01,924.348608705534,788.196230485852,1015.66831430518,924.348608705534,924.348608705534,-19.7326864031333,-19.7326864031333,-19.7326864031333,-19.7326864031333,-19.7326864031333,-19.7326864031333,0.0,0.0,0.0,904.6159223024008
189,2022-04-04,921.2682406284014,809.9595468334737,1018.851639103192,921.2682406284014,921.2682406284014,-3.6745965719526392,-3.6745965719526392,-3.6745965719526392,-3.6745965719526392,-3.6745965719526392,-3.6745965719526392,0.0,0.0,0.0,917.5936440564487
190,2022-04-05,920.2414512693571,802.6990832995801,1025.6793819944826,920.2414512693571,920.2414512693571,-8.923456450968722,-8.923456450968722,-8.923456450968722,-8.923456450968722,-8.923456450968722,-8.923456450968722,0.0,0.0,0.0,911.3179948183883
191,2022-04-06,919.2146619103127,809.650242653626,1024.4012593021948,919.2146619103127,919.2146619103127,-6.834951735235651,-6.834951735235651,-6.834951735235651,-6.834951735235651,-6.834951735235651,-6.834951735235651,0.0,0.0,0.0,912.379710175077
192,2022-04-07,917.1858033726277,791.9713186039994,1011.8952422254121,917.1858033726277,917.1858033726277,-15.36202992171633,-15.36202992171633,-15.36202992171633,-15.36202992171633,-15.36202992171633,-15.36202992171633,0.0,0.0,0.0,901.8237734509113
193,2022-04-08,915.1569448349425,780.7877710936967,1017.2537155407642,915.1569448349425,915.1569448349425,-19.732686403110307,-19.732686403110307,-19.732686403110307,-19.732686403110307,-19.732686403110307,-19.732686403110307,0.0,0.0,0.0,895.4242584318322
194,2022-04-11,909.0703692218872,797.9450565170147,1012.7278022644017,909.0703692218872,909.0703692218872,-3.674596571948478,-3.674596571948478,-3.674596571948478,-3.674596571948478,-3.674596571948478,-3.674596571948478,0.0,0.0,0.0,905.3957726499387
195,2022-04-12,907.0415106842021,782.9495790800173,1007.7750028533987,907.0415106842021,907.0415106842021,-8.923456450983451,-8.923456450983451,-8.923456450983451,-8.923456450983451,-8.923456450983451,-8.923456450983451,0.0,0.0,0.0,898.1180542332186
196,2022-04-13,905.012652146517,790.0654526218508,1013.6353893226333,905.012652146517,905.012652146517,-6.834951735243912,-6.834951735243912,-6.834951735243912,-6.834951735243912,-6.834951735243912,-6.834951735243912,0.0,0.0,0.0,898.1777004112731
197,2022-04-14,902.9837936088319,772.7012034060499,987.9717528257319,902.9837936088319,902.9837936088319,-15.362029921734823,-15.362029921734823,-15.362029921734823,-15.362029921734823,-15.362029921734823,-15.362029921734823,0.0,0.0,0.0,887.6217636870971
198,2022-04-18,894.8683594580915,782.086035742408,1002.2468995464974,894.8683594580915,894.8683594580915,-3.6745965720075993,-3.6745965720075993,-3.6745965720075993,-3.6745965720075993,-3.6745965720075993,-3.6745965720075993,0.0,0.0,0.0,891.193762886084
199,2022-04-19,892.8395009204064,768.916551492753,995.0713826637813,892.8395009204064,892.8395009204064,-8.923456450969363,-8.923456450969363,-8.923456450969363,-8.923456450969363,-8.923456450969363,-8.923456450969363,0.0,0.0,0.0,883.916044469437
200,2022-04-20,889.9882413166894,780.7436322256597,994.6552364558877,889.9882413166894,889.9882413166894,-6.834951735252174,-6.834951735252174,-6.834951735252174,-6.834951735252174,-6.834951735252174,-6.834951735252174,0.0,0.0,0.0,883.1532895814372
201,2022-04-21,887.1369817129724,759.4534068165186,973.3779959685377,887.1369817129724,887.1369817129724,-15.362029921676655,-15.362029921676655,-15.362029921676655,-15.362029921676655,-15.362029921676655,-15.362029921676655,0.0,0.0,0.0,871.7749517912957
202,2022-04-22,884.2857221092554,741.7935364860638,977.9673288625887,884.2857221092554,884.2857221092554,-19.732686403183,-19.732686403183,-19.732686403183,-19.732686403183,-19.732686403183,-19.732686403183,0.0,0.0,0.0,864.5530357060724
203,2022-04-25,875.7319432981046,762.5040080970462,986.3504674134118,875.7319432981046,875.7319432981046,-3.674596572003439,-3.674596572003439,-3.674596572003439,-3.674596572003439,-3.674596572003439,-3.674596572003439,0.0,0.0,0.0,872.0573467261012
204,2022-04-26,872.8806836943876,751.8180138775256,980.5139497118674,872.8806836943876,872.8806836943876,-8.923456450996742,-8.923456450996742,-8.923456450996742,-8.923456450996742,-8.923456450996742,-8.923456450996742,0.0,0.0,0.0,863.9572272433909
205,2022-04-27,870.0294240906707,753.3987768865783,983.3741242626832,870.0294240906707,870.0294240906707,-6.83495173526044,-6.83495173526044,-6.83495173526044,-6.83495173526044,-6.83495173526044,-6.83495173526044,0.0,0.0,0.0,863.1944723554102
206,2022-04-28,867.1781644869537,748.8786778702546,962.0597085053264,867.1781644869537,867.1781644869537,-15.362029921695154,-15.362029921695154,-15.362029921695154,-15.362029921695154,-15.362029921695154,-15.362029921695154,0.0,0.0,0.0,851.8161345652586
207,2022-04-29,864.3269048832367,737.1244199929407,951.6923459386611,864.3269048832367,864.3269048832367,-19.732686403166344,-19.732686403166344,-19.732686403166344,-19.732686403166344,-19.732686403166344,-19.732686403166344,0.0,0.0,0.0,844.5942184800704
208,2022-05-02,855.7731260720857,749.1708811417828,964.6507853581228,855.7731260720857,855.7731260720857,-3.6745965719192384,-3.6745965719192384,-3.6745965719192384,-3.6745965719192384,-3.6745965719192384,-3.6745965719192384,0.0,0.0,0.0,852.0985295001665
209,2022-05-03,852.9218664683689,731.011240213294,961.1037466491108,852.9218664683689,852.9218664683689,-8.923456450982654,-8.923456450982654,-8.923456450982654,-8.923456450982654,-8.923456450982654,-8.923456450982654,0.0,0.0,0.0,843.9984100173863
210,2022-05-04,850.0706068646518,724.5302128844648,965.4155822502362,850.0706068646518,850.0706068646518,-6.83495173524841,-6.83495173524841,-6.83495173524841,-6.83495173524841,-6.83495173524841,-6.83495173524841,0.0,0.0,0.0,843.2356551294034
211,2022-05-05,847.2193472609348,716.8599305784787,934.7372328654634,847.2193472609348,847.2193472609348,-15.36202992169816,-15.36202992169816,-15.36202992169816,-15.36202992169816,-15.36202992169816,-15.36202992169816,0.0,0.0,0.0,831.8573173392366
212,2022-05-06,844.3680876572179,709.5880239579407,940.664476196268,844.3680876572179,844.3680876572179,-19.732686403149692,-19.732686403149692,-19.732686403149692,-19.732686403149692,-19.732686403149692,-19.732686403149692,0.0,0.0,0.0,824.6354012540681
213,2022-05-09,835.814308846067,722.5294666788037,940.2006495304083,835.814308846067,835.814308846067,-3.674596571946719,-3.674596571946719,-3.674596571946719,-3.674596571946719,-3.674596571946719,-3.674596571946719,0.0,0.0,0.0,832.1397122741203
214,2022-05-10,832.96304924235,708.702291258864,934.8419844345426,832.96304924235,832.96304924235,-8.92345645099738,-8.92345645099738,-8.92345645099738,-8.92345645099738,-8.92345645099738,-8.92345645099738,0.0,0.0,0.0,824.0395927913527
215,2022-05-11,830.111789638633,708.786255566493,929.8435846231665,830.111789638633,830.111789638633,-6.834951735276968,-6.834951735276968,-6.834951735276968,-6.834951735276968,-6.834951735276968,-6.834951735276968,0.0,0.0,0.0,823.2768379033561
216,2022-05-12,827.260530034916,696.5348898298827,919.536852168503,827.260530034916,827.260530034916,-15.362029921716656,-15.362029921716656,-15.362029921716656,-15.362029921716656,-15.362029921716656,-15.362029921716656,0.0,0.0,0.0,811.8985001131994
217,2022-05-13,824.4092704311989,691.3498163120611,910.7950086425391,824.4092704311989,824.4092704311989,-19.732686403120365,-19.732686403120365,-19.732686403120365,-19.732686403120365,-19.732686403120365,-19.732686403120365,0.0,0.0,0.0,804.6765840280785
218,2022-05-16,815.8554916200482,704.0473920826893,923.4687849938856,815.8554916200482,815.8554916200482,-3.6745965719742006,-3.6745965719742006,-3.6745965719742006,-3.6745965719742006,-3.6745965719742006,-3.6745965719742006,0.0,0.0,0.0,812.1808950480739
219,2022-05-17,813.0042320163311,687.5948337454337,915.4053998179161,813.0042320163311,813.0042320163311,-8.92345645101211,-8.92345645101211,-8.92345645101211,-8.92345645101211,-8.92345645101211,-8.92345645101211,0.0,0.0,0.0,804.080775565319
220,2022-05-18,810.1529724126143,700.717765792528,914.4511285358756,810.1529724126143,810.1529724126143,-6.834951735244868,-6.834951735244868,-6.834951735244868,-6.834951735244868,-6.834951735244868,-6.834951735244868,0.0,0.0,0.0,803.3180206773694
221,2022-05-19,807.3017128088973,674.2524691765819,906.218087401928,807.3017128088973,807.3017128088973,-15.362029921727409,-15.362029921727409,-15.362029921727409,-15.362029921727409,-15.362029921727409,-15.362029921727409,0.0,0.0,0.0,791.9396828871699
222,2022-05-20,804.4504532051803,673.3660769417114,896.2768518926541,804.4504532051803,804.4504532051803,-19.732686403103717,-19.732686403103717,-19.732686403103717,-19.732686403103717,-19.732686403103717,-19.732686403103717,0.0,0.0,0.0,784.7177668020767
223,2022-05-23,795.8966743940293,685.4399452319032,897.0051168984666,795.8966743940293,795.8966743940293,-3.674596571858361,-3.674596571858361,-3.674596571858361,-3.674596571858361,-3.674596571858361,-3.674596571858361,0.0,0.0,0.0,792.222077822171
224,2022-05-24,793.0454147903124,670.9299973434424,895.8869258481827,793.0454147903124,793.0454147903124,-8.923456450969201,-8.923456450969201,-8.923456450969201,-8.923456450969201,-8.923456450969201,-8.923456450969201,0.0,0.0,0.0,784.1219583393432
225,2022-05-25,790.1941551865954,675.5289995033373,894.4977189830905,790.1941551865954,790.1941551865954,-6.834951735253129,-6.834951735253129,-6.834951735253129,-6.834951735253129,-6.834951735253129,-6.834951735253129,0.0,0.0,0.0,783.3592034513422
226,2022-05-26,787.3428955828784,669.7337838713013,887.4973232427471,787.3428955828784,787.3428955828784,-15.362029921669235,-15.362029921669235,-15.362029921669235,-15.362029921669235,-15.362029921669235,-15.362029921669235,0.0,0.0,0.0,771.9808656612092
227,2022-05-27,784.4916359791614,649.9052283092224,879.4394229655201,784.4916359791614,784.4916359791614,-19.732686403080724,-19.732686403080724,-19.732686403080724,-19.732686403080724,-19.732686403080724,-19.732686403080724,0.0,0.0,0.0,764.7589495760807
228,2022-05-31,773.0865975642936,655.9696680004557,871.4471051668568,773.0865975642936,773.0865975642936,-8.923456450983931,-8.923456450983931,-8.923456450983931,-8.923456450983931,-8.923456450983931,-8.923456450983931,0.0,0.0,0.0,764.1631411133096
229,2022-06-01,770.2353379605765,652.6407678561169,877.8513656537846,770.2353379605765,770.2353379605765,-6.834951735241102,-6.834951735241102,-6.834951735241102,-6.834951735241102,-6.834951735241102,-6.834951735241102,0.0,0.0,0.0,763.4003862253354
230,2022-06-02,767.3840783568597,639.4429680451188,858.5909095251193,767.3840783568597,767.3840783568597,-15.362029921679987,-15.362029921679987,-15.362029921679987,-15.362029921679987,-15.362029921679987,-15.362029921679987,0.0,0.0,0.0,752.0220484351797
231,2022-06-03,764.5328187531427,630.7339803199438,850.8543470627677,764.5328187531427,764.5328187531427,-19.732686403182733,-19.732686403182733,-19.732686403182733,-19.732686403182733,-19.732686403182733,-19.732686403182733,0.0,0.0,0.0,744.80013234996
232,2022-06-06,755.9790399419917,635.8105369084324,857.7423494212201,755.9790399419917,755.9790399419917,-3.674596571913323,-3.674596571913323,-3.674596571913323,-3.674596571913323,-3.674596571913323,-3.674596571913323,0.0,0.0,0.0,752.3044433700784
233,2022-06-07,753.1277803382748,634.7007049208403,851.0345477935424,753.1277803382748,753.1277803382748,-8.923456450969843,-8.923456450969843,-8.923456450969843,-8.923456450969843,-8.923456450969843,-8.923456450969843,0.0,0.0,0.0,744.2043238873049
234,2022-06-08,750.2765207345578,625.5643710182608,852.7627109867127,750.2765207345578,750.2765207345578,-6.834951735269658,-6.834951735269658,-6.834951735269658,-6.834951735269658,-6.834951735269658,-6.834951735269658,0.0,0.0,0.0,743.4415689992882
235,2022-06-09,747.4252611308408,611.859935609047,839.0534478031227,747.4252611308408,747.4252611308408,-15.362029921698486,-15.362029921698486,-15.362029921698486,-15.362029921698486,-15.362029921698486,-15.362029921698486,0.0,0.0,0.0,732.0632312091423
236,2022-06-10,744.5740015271239,610.3540577485794,836.4341198745409,744.5740015271239,744.5740015271239,-19.732686403153416,-19.732686403153416,-19.732686403153416,-19.732686403153416,-19.732686403153416,-19.732686403153416,0.0,0.0,0.0,724.8413151239705
237,2022-06-13,736.020222715973,625.7692989835633,848.7687188645177,736.020222715973,736.020222715973,-3.6745965719408025,-3.6745965719408025,-3.6745965719408025,-3.6745965719408025,-3.6745965719408025,-3.6745965719408025,0.0,0.0,0.0,732.3456261440322
238,2022-06-14,733.168963112256,616.8391100036454,840.9926795267878,733.168963112256,733.168963112256,-8.923456450997222,-8.923456450997222,-8.923456450997222,-8.923456450997222,-8.923456450997222,-8.923456450997222,0.0,0.0,0.0,724.2455066612588
239,2022-06-15,730.3177035085389,615.0174758221897,825.217432922158,730.3177035085389,730.3177035085389,-6.834951735257628,-6.834951735257628,-6.834951735257628,-6.834951735257628,-6.834951735257628,-6.834951735257628,0.0,0.0,0.0,723.4827517732813
240,2022-06-16,727.4664439048221,599.9654388639434,826.4274158762223,727.4664439048221,727.4664439048221,-15.362029921701488,-15.362029921701488,-15.362029921701488,-15.362029921701488,-15.362029921701488,-15.362029921701488,0.0,0.0,0.0,712.1044139831206
241,2022-06-17,724.615184301105,590.9159077238392,808.2767766766985,724.615184301105,724.615184301105,-19.732686403136757,-19.732686403136757,-19.732686403136757,-19.732686403136757,-19.732686403136757,-19.732686403136757,0.0,0.0,0.0,704.8824978979683
242,2022-06-21,713.2101458862372,599.4994851624652,818.7899114617536,713.2101458862372,713.2101458862372,-8.92345645098313,-8.92345645098313,-8.92345645098313,-8.92345645098313,-8.92345645098313,-8.92345645098313,0.0,0.0,0.0,704.2866894352541
243,2022-06-22,710.3588862825203,595.9787455944464,818.5756581337208,710.3588862825203,710.3588862825203,-6.8349517352255305,-6.8349517352255305,-6.8349517352255305,-6.8349517352255305,-6.8349517352255305,-6.8349517352255305,0.0,0.0,0.0,703.5239345472947
244,2022-06-23,707.5076266788033,585.3768334723269,808.7620281739436,707.5076266788033,707.5076266788033,-15.362029921719985,-15.362029921719985,-15.362029921719985,-15.362029921719985,-15.362029921719985,-15.362029921719985,0.0,0.0,0.0,692.1455967570832
245,2022-06-24,704.6563670750863,573.2492326821448,801.0644103223366,704.6563670750863,704.6563670750863,-19.732686403113767,-19.732686403113767,-19.732686403113767,-19.732686403113767,-19.732686403113767,-19.732686403113767,0.0,0.0,0.0,684.9236806719725
246,2022-06-27,696.1025882639353,587.5763901620379,808.9075688271524,696.1025882639353,696.1025882639353,-3.6745965719957625,-3.6745965719957625,-3.6745965719957625,-3.6745965719957625,-3.6745965719957625,-3.6745965719957625,0.0,0.0,0.0,692.4279916919396
247,2022-06-28,693.2513286602184,568.6929799038363,791.0103889867275,693.2513286602184,693.2513286602184,-8.923456450997858,-8.923456450997858,-8.923456450997858,-8.923456450997858,-8.923456450997858,-8.923456450997858,0.0,0.0,0.0,684.3278722092206
248,2022-06-29,690.4000690565014,570.3280534369579,789.9549526688154,690.4000690565014,690.4000690565014,-6.8349517352540845,-6.8349517352540845,-6.8349517352540845,-6.8349517352540845,-6.8349517352540845,-6.8349517352540845,0.0,0.0,0.0,683.5651173212473
249,2022-06-30,687.5488094527844,559.4924034151171,782.126895103847,687.5488094527844,687.5488094527844,-15.362029921661813,-15.362029921661813,-15.362029921661813,-15.362029921661813,-15.362029921661813,-15.362029921661813,0.0,0.0,0.0,672.1867795311226
250,2022-07-01,684.6975498490675,554.4681601799343,769.0753657215222,684.6975498490675,684.6975498490675,-19.73268640309078,-19.73268640309078,-19.73268640309078,-19.73268640309078,-19.73268640309078,-19.73268640309078,0.0,0.0,0.0,664.9648634459768
251,2022-07-02,681.8462902453505,602.929214270709,821.4967494928718,681.8462902453505,681.8462902453505,27.2638605734153,27.2638605734153,27.2638605734153,27.2638605734153,27.2638605734153,27.2638605734153,0.0,0.0,0.0,709.1101508187658
252,2022-07-03,678.9950306416335,590.3780966449583,822.4495261960966,678.9950306416335,678.9950306416335,27.26386050963395,27.26386050963395,27.26386050963395,27.26386050963395,27.26386050963395,27.26386050963395,0.0,0.0,0.0,706.2588911512674
253,2022-07-04,676.1437710379165,560.7022065826118,783.1745984778604,676.1437710379165,676.1437710379165,-3.674596571991608,-3.674596571991608,-3.674596571991608,-3.674596571991608,-3.674596571991608,-3.674596571991608,0.0,0.0,0.0,672.4691744659249
254,2022-07-05,673.2925114341997,550.0757046708316,770.6954366457827,673.2460748596102,673.3512920255221,-8.923456450954946,-8.923456450954946,-8.923456450954946,-8.923456450954946,-8.923456450954946,-8.923456450954946,0.0,0.0,0.0,664.3690549832447
255,2022-07-06,670.4412518304827,551.3757606690509,774.079928647546,670.2844008415703,670.6259246786631,-6.834951735242058,-6.834951735242058,-6.834951735242058,-6.834951735242058,-6.834951735242058,-6.834951735242058,0.0,0.0,0.0,663.6063000952406
256,2022-07-07,667.5899922267657,532.2210508615345,757.3827576175095,667.2533828978293,667.9122475648584,-15.362029921680312,-15.362029921680312,-15.362029921680312,-15.362029921680312,-15.362029921680312,-15.362029921680312,0.0,0.0,0.0,652.2279623050854
257,2022-07-08,664.7387326230487,538.7828224292188,754.2786500025048,664.2149487720905,665.3375791451716,-19.732686403067795,-19.732686403067795,-19.732686403067795,-19.732686403067795,-19.732686403067795,-19.732686403067795,0.0,0.0,0.0,645.0060462199809
258,2022-07-09,661.8874730193318,577.2165181040499,799.6884534976735,661.1801861511917,662.7851298941374,27.263860573455005,27.263860573455005,27.263860573455005,27.263860573455005,27.263860573455005,27.263860573455005,0.0,0.0,0.0,689.1513335927867
259,2022-07-10,659.0362134156148,569.5299982363991,790.7519017824054,658.1293678725273,660.2248162998966,27.263860509594622,27.263860509594622,27.263860509594622,27.263860509594622,27.263860509594622,27.263860509594622,0.0,0.0,0.0,686.3000739252095
260,2022-07-11,656.1849538118979,539.7687286933235,762.8343710519867,654.9892765939545,657.6854101410471,-3.6745965719074074,-3.6745965719074074,-3.6745965719074074,-3.6745965719074074,-3.6745965719074074,-3.6745965719074074,0.0,0.0,0.0,652.5103572399905
261,2022-07-12,653.3336942081809,536.7844845605686,748.8475087501315,651.8667335670544,655.0949195182401,-8.923456450969677,-8.923456450969677,-8.923456450969677,-8.923456450969677,-8.923456450969677,-8.923456450969677,0.0,0.0,0.0,644.4102377572112
262,2022-07-13,650.4824346044637,530.5381839677694,762.5399965275926,648.6655420450925,652.5473794909633,-6.834951735250321,-6.834951735250321,-6.834951735250321,-6.834951735250321,-6.834951735250321,-6.834951735250321,0.0,0.0,0.0,643.6474828692134
263,2022-07-14,647.6311750007467,519.7654772418458,741.0050678849389,645.4902351818928,650.1100930286334,-15.36202992168332,-15.36202992168332,-15.36202992168332,-15.36202992168332,-15.36202992168332,-15.36202992168332,0.0,0.0,0.0,632.2691450790634
264,2022-07-15,644.7799153970298,514.3962068349656,728.312677378795,642.281961127344,647.7346170181333,-19.73268640305114,-19.73268640305114,-19.73268640305114,-19.73268640305114,-19.73268640305114,-19.73268640305114,0.0,0.0,0.0,625.0472289939786
265,2022-07-16,641.9286557933128,551.3803797760472,779.9821208412018,639.0216222927183,645.3497835649689,27.263860573319203,27.263860573319203,27.263860573319203,27.263860573319203,27.263860573319203,27.263860573319203,0.0,0.0,0.0,669.192516366632
266,2022-07-17,639.0773961895959,557.0251947706407,774.5211204735803,635.8199850875873,642.9763841743955,27.263860509555293,27.263860509555293,27.263860509555293,27.263860509555293,27.263860509555293,27.263860509555293,0.0,0.0,0.0,666.3412566991512
267,2022-07-18,636.2261365858789,522.7120793486918,744.2942818692285,632.5783699696497,640.6641936475384,-3.6745965719348854,-3.6745965719348854,-3.6745965719348854,-3.6745965719348854,-3.6745965719348854,-3.6745965719348854,0.0,0.0,0.0,632.551540013944
268,2022-07-19,633.3748769821619,505.50689769096465,730.7662137080341,629.29446415709,638.326402898933,-8.923456450997056,-8.923456450997056,-8.923456450997056,-8.923456450997056,-8.923456450997056,-8.923456450997056,0.0,0.0,0.0,624.4514205311649
269,2022-07-20,630.5236173784449,512.3848988376376,737.0965645061694,625.9533194310044,635.8348079282771,-6.834951735258582,-6.834951735258582,-6.834951735258582,-6.834951735258582,-6.834951735258582,-6.834951735258582,0.0,0.0,0.0,623.6886656431864
270,2022-07-21,627.6723577747281,496.5998080011941,718.822664066375,622.6275355544893,633.3609341279492,-15.362029921701813,-15.362029921701813,-15.362029921701813,-15.362029921701813,-15.362029921701813,-15.362029921701813,0.0,0.0,0.0,612.3103278530263
271,2022-07-22,624.821098171011,491.2449185207103,720.4986993406993,619.3258014925716,630.8244877057298,-19.73268640314048,-19.73268640314048,-19.73268640314048,-19.73268640314048,-19.73268640314048,-19.73268640314048,0.0,0.0,0.0,605.0884117678705
272,2022-07-23,621.9698385672941,541.1277268790798,757.3581274839105,615.9169708350317,628.337248280725,27.26386057335891,27.26386057335891,27.26386057335891,27.26386057335891,27.26386057335891,27.26386057335891,0.0,0.0,0.0,649.233699140653
273,2022-07-24,619.1185789635771,529.9067352457745,759.5757333751702,612.8785501154886,625.8715476242323,27.263860509544166,27.263860509544166,27.263860509544166,27.263860509544166,27.263860509544166,27.263860509544166,0.0,0.0,0.0,646.3824394731213
274,2022-07-25,616.2673193598603,503.8763694468665,722.9095537861945,609.5608798802816,623.3863714582983,-3.6745965719623666,-3.6745965719623666,-3.6745965719623666,-3.6745965719623666,-3.6745965719623666,-3.6745965719623666,0.0,0.0,0.0,612.5927227878979
275,2022-07-26,613.4160597561432,500.6455917574569,723.3084741120249,606.2583109653613,621.0063670967803,-8.923456451011788,-8.923456451011788,-8.923456451011788,-8.923456451011788,-8.923456451011788,-8.923456451011788,0.0,0.0,0.0,604.4926033051314
276,2022-07-27,610.5648001524263,488.21581036842514,716.1431437342309,602.9040218274963,618.5990525221072,-6.834951735246779,-6.834951735246779,-6.834951735246779,-6.834951735246779,-6.834951735246779,-6.834951735246779,0.0,0.0,0.0,603.7298484171795
277,2022-07-28,607.7135405487093,477.6250080151664,708.5857073877156,599.544850049899,616.1599434442163,-15.362029921720312,-15.362029921720312,-15.362029921720312,-15.362029921720312,-15.362029921720312,-15.362029921720312,0.0,0.0,0.0,592.3515106269889
278,2022-07-29,604.8622809449922,469.23058438817765,699.4141303246341,596.1055506705702,613.8976318093544,-19.732686403123825,-19.732686403123825,-19.732686403123825,-19.732686403123825,-19.732686403123825,-19.732686403123825,0.0,0.0,0.0,585.1295945418684
279,2022-07-30,602.0110213412754,516.6884597862082,733.8222487888955,592.863212584239,611.4139461087608,27.26386057337946,27.26386057337946,27.26386057337946,27.26386057337946,27.26386057337946,27.26386057337946,0.0,0.0,0.0,629.2748819146549
280,2022-07-31,599.1597617375584,515.9064497504412,739.3891635257067,589.6880472952236,608.9240710443587,27.263860509533032,27.263860509533032,27.263860509533032,27.263860509533032,27.263860509533032,27.263860509533032,0.0,0.0,0.0,626.4236222470914
